# ************************************************************
# Sequel Pro SQL dump
# Version 4096
#
# http://www.sequelpro.com/
# http://code.google.com/p/sequel-pro/
#
# Host: 127.0.0.1 (MySQL 5.5.25)
# Database: lawEnforcement
# Generation Time: 2014-11-03 19:09:33 +0000
# ************************************************************


/*!40101 SET @OLD_CHARACTER_SET_CLIENT=@@CHARACTER_SET_CLIENT */;
/*!40101 SET @OLD_CHARACTER_SET_RESULTS=@@CHARACTER_SET_RESULTS */;
/*!40101 SET @OLD_COLLATION_CONNECTION=@@COLLATION_CONNECTION */;
/*!40101 SET NAMES utf8 */;
/*!40014 SET @OLD_FOREIGN_KEY_CHECKS=@@FOREIGN_KEY_CHECKS, FOREIGN_KEY_CHECKS=0 */;
/*!40101 SET @OLD_SQL_MODE=@@SQL_MODE, SQL_MODE='NO_AUTO_VALUE_ON_ZERO' */;
/*!40111 SET @OLD_SQL_NOTES=@@SQL_NOTES, SQL_NOTES=0 */;


# Dump of table ACTIVITY
# ------------------------------------------------------------

DROP TABLE IF EXISTS `ACTIVITY`;

CREATE TABLE `ACTIVITY` (
  `ID` bigint(20) NOT NULL,
  `DATA` varchar(255) DEFAULT NULL,
  `DATEANDTIME` datetime DEFAULT NULL,
  `TYPE` varchar(255) DEFAULT NULL,
  `INVESTIGATIVECASE_ID` bigint(20) DEFAULT NULL,
  `INVESTIGATOR_ID` bigint(20) DEFAULT NULL,
  PRIMARY KEY (`ID`),
  KEY `FK_ACTIVITY_INVESTIGATIVECASE_ID` (`INVESTIGATIVECASE_ID`),
  KEY `FK_ACTIVITY_INVESTIGATOR_ID` (`INVESTIGATOR_ID`),
  CONSTRAINT `FK_ACTIVITY_INVESTIGATOR_ID` FOREIGN KEY (`INVESTIGATOR_ID`) REFERENCES `CHANGEABLE` (`ID`),
  CONSTRAINT `FK_ACTIVITY_ID` FOREIGN KEY (`ID`) REFERENCES `CHANGEABLE` (`ID`),
  CONSTRAINT `FK_ACTIVITY_INVESTIGATIVECASE_ID` FOREIGN KEY (`INVESTIGATIVECASE_ID`) REFERENCES `CHANGEABLE` (`ID`)
) ENGINE=InnoDB DEFAULT CHARSET=latin1;

LOCK TABLES `ACTIVITY` WRITE;
/*!40000 ALTER TABLE `ACTIVITY` DISABLE KEYS */;

INSERT INTO `ACTIVITY` (`ID`, `DATA`, `DATEANDTIME`, `TYPE`, `INVESTIGATIVECASE_ID`, `INVESTIGATOR_ID`)
VALUES
	(37,'testing data','2014-11-03 13:00:16','evidence',32,31),
	(38,'testing data','2014-11-03 13:00:16','supplemental reports',32,31),
	(39,'testing data','2014-11-03 13:00:16','requesting warrants',36,31);

/*!40000 ALTER TABLE `ACTIVITY` ENABLE KEYS */;
UNLOCK TABLES;


# Dump of table ADDRESS
# ------------------------------------------------------------

DROP TABLE IF EXISTS `ADDRESS`;

CREATE TABLE `ADDRESS` (
  `ID` bigint(20) NOT NULL,
  `APTNO` varchar(255) DEFAULT NULL,
  `CITY` varchar(255) DEFAULT NULL,
  `COUNTRY` varchar(255) DEFAULT NULL,
  `POSTALCODE` varchar(255) DEFAULT NULL,
  `PROVINCE` varchar(255) DEFAULT NULL,
  `STREETNAME` varchar(255) DEFAULT NULL,
  PRIMARY KEY (`ID`),
  CONSTRAINT `FK_ADDRESS_ID` FOREIGN KEY (`ID`) REFERENCES `CHANGEABLE` (`ID`)
) ENGINE=InnoDB DEFAULT CHARSET=latin1;

LOCK TABLES `ADDRESS` WRITE;
/*!40000 ALTER TABLE `ADDRESS` DISABLE KEYS */;

INSERT INTO `ADDRESS` (`ID`, `APTNO`, `CITY`, `COUNTRY`, `POSTALCODE`, `PROVINCE`, `STREETNAME`)
VALUES
	(12,'183','Regina','Canada','S4S 6W3','SK','Centenial St'),
	(13,'LA612','Regina','Canada','S4S 0A2','SK','Wascana Parkway');

/*!40000 ALTER TABLE `ADDRESS` ENABLE KEYS */;
UNLOCK TABLES;


# Dump of table ALIASNAMEORMONIKER
# ------------------------------------------------------------

DROP TABLE IF EXISTS `ALIASNAMEORMONIKER`;

CREATE TABLE `ALIASNAMEORMONIKER` (
  `ID` bigint(20) NOT NULL,
  `CONTENT` varchar(255) DEFAULT NULL,
  `PERSON_ID` bigint(20) DEFAULT NULL,
  PRIMARY KEY (`ID`),
  KEY `FK_ALIASNAMEORMONIKER_PERSON_ID` (`PERSON_ID`),
  CONSTRAINT `FK_ALIASNAMEORMONIKER_PERSON_ID` FOREIGN KEY (`PERSON_ID`) REFERENCES `CHANGEABLE` (`ID`)
) ENGINE=InnoDB DEFAULT CHARSET=latin1;

LOCK TABLES `ALIASNAMEORMONIKER` WRITE;
/*!40000 ALTER TABLE `ALIASNAMEORMONIKER` DISABLE KEYS */;

INSERT INTO `ALIASNAMEORMONIKER` (`ID`, `CONTENT`, `PERSON_ID`)
VALUES
	(2,'the monster',1);

/*!40000 ALTER TABLE `ALIASNAMEORMONIKER` ENABLE KEYS */;
UNLOCK TABLES;


# Dump of table AUTHORIZABLE
# ------------------------------------------------------------

DROP TABLE IF EXISTS `AUTHORIZABLE`;

CREATE TABLE `AUTHORIZABLE` (
  `ID` bigint(20) NOT NULL,
  `TYPE` varchar(255) DEFAULT NULL,
  `NAME` varchar(255) DEFAULT NULL,
  `DATEOFBIRTH` date DEFAULT NULL,
  `GENDER` varchar(255) DEFAULT NULL,
  PRIMARY KEY (`ID`),
  CONSTRAINT `FK_AUTHORIZABLE_ID` FOREIGN KEY (`ID`) REFERENCES `CHANGEABLE` (`ID`)
) ENGINE=InnoDB DEFAULT CHARSET=latin1;

LOCK TABLES `AUTHORIZABLE` WRITE;
/*!40000 ALTER TABLE `AUTHORIZABLE` DISABLE KEYS */;

INSERT INTO `AUTHORIZABLE` (`ID`, `TYPE`, `NAME`, `DATEOFBIRTH`, `GENDER`)
VALUES
	(19,'Officer',NULL,NULL,'Male'),
	(21,'Officer',NULL,NULL,'Female'),
	(31,'Investigator',NULL,NULL,NULL),
	(34,'Investigator',NULL,NULL,NULL),
	(40,'InvestigativeGroup','First Group',NULL,NULL);

/*!40000 ALTER TABLE `AUTHORIZABLE` ENABLE KEYS */;
UNLOCK TABLES;


# Dump of table AUTHORIZABLE_AUTHORIZABLE
# ------------------------------------------------------------

DROP TABLE IF EXISTS `AUTHORIZABLE_AUTHORIZABLE`;

CREATE TABLE `AUTHORIZABLE_AUTHORIZABLE` (
  `investigativeGroups_ID` bigint(20) NOT NULL,
  `authorizables_ID` bigint(20) NOT NULL,
  PRIMARY KEY (`investigativeGroups_ID`,`authorizables_ID`),
  KEY `FK_AUTHORIZABLE_AUTHORIZABLE_authorizables_ID` (`authorizables_ID`),
  CONSTRAINT `AUTHORIZABLE_AUTHORIZABLE_investigativeGroups_ID` FOREIGN KEY (`investigativeGroups_ID`) REFERENCES `CHANGEABLE` (`ID`),
  CONSTRAINT `FK_AUTHORIZABLE_AUTHORIZABLE_authorizables_ID` FOREIGN KEY (`authorizables_ID`) REFERENCES `CHANGEABLE` (`ID`)
) ENGINE=InnoDB DEFAULT CHARSET=latin1;

LOCK TABLES `AUTHORIZABLE_AUTHORIZABLE` WRITE;
/*!40000 ALTER TABLE `AUTHORIZABLE_AUTHORIZABLE` DISABLE KEYS */;

INSERT INTO `AUTHORIZABLE_AUTHORIZABLE` (`investigativeGroups_ID`, `authorizables_ID`)
VALUES
	(40,31);

/*!40000 ALTER TABLE `AUTHORIZABLE_AUTHORIZABLE` ENABLE KEYS */;
UNLOCK TABLES;


# Dump of table AUTHORIZABLE_RELATABLE
# ------------------------------------------------------------

DROP TABLE IF EXISTS `AUTHORIZABLE_RELATABLE`;

CREATE TABLE `AUTHORIZABLE_RELATABLE` (
  `eventsResponsibleFor_ID` bigint(20) NOT NULL,
  `officersResponsibleFor_ID` bigint(20) NOT NULL,
  PRIMARY KEY (`eventsResponsibleFor_ID`,`officersResponsibleFor_ID`),
  KEY `AUTHORIZABLE_RELATABLE_officersResponsibleFor_ID` (`officersResponsibleFor_ID`),
  CONSTRAINT `AUTHORIZABLE_RELATABLE_officersResponsibleFor_ID` FOREIGN KEY (`officersResponsibleFor_ID`) REFERENCES `CHANGEABLE` (`ID`),
  CONSTRAINT `FK_AUTHORIZABLE_RELATABLE_eventsResponsibleFor_ID` FOREIGN KEY (`eventsResponsibleFor_ID`) REFERENCES `CHANGEABLE` (`ID`)
) ENGINE=InnoDB DEFAULT CHARSET=latin1;

LOCK TABLES `AUTHORIZABLE_RELATABLE` WRITE;
/*!40000 ALTER TABLE `AUTHORIZABLE_RELATABLE` DISABLE KEYS */;

INSERT INTO `AUTHORIZABLE_RELATABLE` (`eventsResponsibleFor_ID`, `officersResponsibleFor_ID`)
VALUES
	(20,19),
	(27,19),
	(20,21);

/*!40000 ALTER TABLE `AUTHORIZABLE_RELATABLE` ENABLE KEYS */;
UNLOCK TABLES;


# Dump of table CHANGEABLE
# ------------------------------------------------------------

DROP TABLE IF EXISTS `CHANGEABLE`;

CREATE TABLE `CHANGEABLE` (
  `ID` bigint(20) NOT NULL,
  `DTYPE` varchar(31) DEFAULT NULL,
  `HISTORY_ID` bigint(20) DEFAULT NULL,
  `FIRSTNAME` varchar(255) DEFAULT NULL,
  `LASTNAME` varchar(255) DEFAULT NULL,
  PRIMARY KEY (`ID`),
  KEY `FK_CHANGEABLE_HISTORY_ID` (`HISTORY_ID`),
  CONSTRAINT `FK_CHANGEABLE_HISTORY_ID` FOREIGN KEY (`HISTORY_ID`) REFERENCES `HISTORY` (`ID`)
) ENGINE=InnoDB DEFAULT CHARSET=latin1;

LOCK TABLES `CHANGEABLE` WRITE;
/*!40000 ALTER TABLE `CHANGEABLE` DISABLE KEYS */;

INSERT INTO `CHANGEABLE` (`ID`, `DTYPE`, `HISTORY_ID`, `FIRSTNAME`, `LASTNAME`)
VALUES
	(1,'Person',10,NULL,NULL),
	(4,'Person',NULL,NULL,NULL),
	(9,'Relation',NULL,NULL,NULL),
	(11,'Location',NULL,NULL,NULL),
	(12,'Address',NULL,NULL,NULL),
	(13,'Address',NULL,NULL,NULL),
	(14,'Conveyance',NULL,NULL,NULL),
	(15,'Conveyance',NULL,NULL,NULL),
	(16,'Relation',NULL,NULL,NULL),
	(17,'Organization',NULL,NULL,NULL),
	(18,'Property',NULL,NULL,NULL),
	(19,'Officer',NULL,'Jims','Richard'),
	(20,'IncidentReport',NULL,NULL,NULL),
	(21,'Officer',NULL,'Lorinda','dfjkhld'),
	(22,'Relation',NULL,NULL,NULL),
	(23,'Relation',NULL,NULL,NULL),
	(24,'Person',42,NULL,NULL),
	(25,'Relation',NULL,NULL,NULL),
	(26,'Relation',NULL,NULL,NULL),
	(27,'IncidentReport',NULL,NULL,NULL),
	(28,'SuspectPerson',NULL,NULL,NULL),
	(29,'SuspectPerson',NULL,NULL,NULL),
	(31,'Investigator',NULL,'Cannon','m.'),
	(32,'InvestigativeCase',NULL,NULL,NULL),
	(33,'InvestigativeCase',NULL,NULL,NULL),
	(34,'Investigator',NULL,'Patric','Lencon'),
	(35,'ArrestReport',NULL,NULL,NULL),
	(36,'InvestigativeCase',NULL,NULL,NULL),
	(37,'Activity',NULL,NULL,NULL),
	(38,'Activity',NULL,NULL,NULL),
	(39,'Activity',NULL,NULL,NULL),
	(40,'InvestigativeGroup',NULL,NULL,NULL),
	(41,'Permission',NULL,NULL,NULL);

/*!40000 ALTER TABLE `CHANGEABLE` ENABLE KEYS */;
UNLOCK TABLES;


# Dump of table CONTACT
# ------------------------------------------------------------

DROP TABLE IF EXISTS `CONTACT`;

CREATE TABLE `CONTACT` (
  `ID` bigint(20) NOT NULL,
  `DTYPE` varchar(31) DEFAULT NULL,
  `CONTENT` varchar(255) DEFAULT NULL,
  `TYPE` varchar(255) DEFAULT NULL,
  `PERSON_ID` bigint(20) DEFAULT NULL,
  PRIMARY KEY (`ID`),
  KEY `FK_CONTACT_PERSON_ID` (`PERSON_ID`),
  CONSTRAINT `FK_CONTACT_PERSON_ID` FOREIGN KEY (`PERSON_ID`) REFERENCES `CHANGEABLE` (`ID`)
) ENGINE=InnoDB DEFAULT CHARSET=latin1;

LOCK TABLES `CONTACT` WRITE;
/*!40000 ALTER TABLE `CONTACT` DISABLE KEYS */;

INSERT INTO `CONTACT` (`ID`, `DTYPE`, `CONTENT`, `TYPE`, `PERSON_ID`)
VALUES
	(7,'CellPhone','3069990084','CellPhone',1),
	(8,'Email','almarrih@uregina.ca','Email',1);

/*!40000 ALTER TABLE `CONTACT` ENABLE KEYS */;
UNLOCK TABLES;


# Dump of table CONVEYANCE
# ------------------------------------------------------------

DROP TABLE IF EXISTS `CONVEYANCE`;

CREATE TABLE `CONVEYANCE` (
  `ID` bigint(20) NOT NULL,
  `ATTRIBUTES` varchar(255) DEFAULT NULL,
  `COLOR` varchar(255) DEFAULT NULL,
  `LICENSEPLATENUMBER` varchar(255) DEFAULT NULL,
  `LICENSEPLATESTATE` varchar(255) DEFAULT NULL,
  `LICENSEPLATEYEAR` date DEFAULT NULL,
  `MAKE` varchar(255) DEFAULT NULL,
  `MODEL` varchar(255) DEFAULT NULL,
  `STYLE` varchar(255) DEFAULT NULL,
  `VEHICLEIDENTIFICATIONNUMBER` varchar(255) DEFAULT NULL,
  `YEAR` date DEFAULT NULL,
  `REGISTEREDOWNER_ID` bigint(20) DEFAULT NULL,
  PRIMARY KEY (`ID`),
  KEY `FK_CONVEYANCE_REGISTEREDOWNER_ID` (`REGISTEREDOWNER_ID`),
  CONSTRAINT `FK_CONVEYANCE_REGISTEREDOWNER_ID` FOREIGN KEY (`REGISTEREDOWNER_ID`) REFERENCES `CHANGEABLE` (`ID`),
  CONSTRAINT `FK_CONVEYANCE_ID` FOREIGN KEY (`ID`) REFERENCES `CHANGEABLE` (`ID`)
) ENGINE=InnoDB DEFAULT CHARSET=latin1;

LOCK TABLES `CONVEYANCE` WRITE;
/*!40000 ALTER TABLE `CONVEYANCE` DISABLE KEYS */;

INSERT INTO `CONVEYANCE` (`ID`, `ATTRIBUTES`, `COLOR`, `LICENSEPLATENUMBER`, `LICENSEPLATESTATE`, `LICENSEPLATEYEAR`, `MAKE`, `MODEL`, `STYLE`, `VEHICLEIDENTIFICATIONNUMBER`, `YEAR`, `REGISTEREDOWNER_ID`)
VALUES
	(14,'','RED','155IZY','SK','2014-11-03','CHEV CAPRIC','LV','FOOR DOOR CAR','1G1BN69H6GX181007','1985-12-31',1),
	(15,'','GREEN','701HXJ','SK','2014-11-03','HONDA ACCORD','EX SERIES 4DR','FOOR DOOR CAR','1HGCD5631VA815858','1996-12-31',1);

/*!40000 ALTER TABLE `CONVEYANCE` ENABLE KEYS */;
UNLOCK TABLES;


# Dump of table ENTRYFILE
# ------------------------------------------------------------

DROP TABLE IF EXISTS `ENTRYFILE`;

CREATE TABLE `ENTRYFILE` (
  `ID` bigint(20) NOT NULL,
  `ABSOLUTELINK` varchar(255) DEFAULT NULL,
  `CAPTION` varchar(255) DEFAULT NULL,
  `RELATIVELINK` varchar(255) DEFAULT NULL,
  `RELATABLE_ID` bigint(20) DEFAULT NULL,
  `PERSON_ID` bigint(20) DEFAULT NULL,
  PRIMARY KEY (`ID`),
  UNIQUE KEY `ABSOLUTELINK` (`ABSOLUTELINK`),
  KEY `FK_ENTRYFILE_PERSON_ID` (`PERSON_ID`),
  KEY `FK_ENTRYFILE_RELATABLE_ID` (`RELATABLE_ID`),
  CONSTRAINT `FK_ENTRYFILE_ID` FOREIGN KEY (`ID`) REFERENCES `CHANGEABLE` (`ID`),
  CONSTRAINT `FK_ENTRYFILE_PERSON_ID` FOREIGN KEY (`PERSON_ID`) REFERENCES `CHANGEABLE` (`ID`),
  CONSTRAINT `FK_ENTRYFILE_RELATABLE_ID` FOREIGN KEY (`RELATABLE_ID`) REFERENCES `CHANGEABLE` (`ID`)
) ENGINE=InnoDB DEFAULT CHARSET=latin1;



# Dump of table ENTRYFILE_PERSON
# ------------------------------------------------------------

DROP TABLE IF EXISTS `ENTRYFILE_PERSON`;

CREATE TABLE `ENTRYFILE_PERSON` (
  `persons_ID` bigint(20) NOT NULL,
  `photographs_ID` bigint(20) NOT NULL,
  PRIMARY KEY (`persons_ID`,`photographs_ID`),
  KEY `FK_ENTRYFILE_PERSON_photographs_ID` (`photographs_ID`),
  CONSTRAINT `FK_ENTRYFILE_PERSON_photographs_ID` FOREIGN KEY (`photographs_ID`) REFERENCES `CHANGEABLE` (`ID`),
  CONSTRAINT `FK_ENTRYFILE_PERSON_persons_ID` FOREIGN KEY (`persons_ID`) REFERENCES `CHANGEABLE` (`ID`)
) ENGINE=InnoDB DEFAULT CHARSET=latin1;



# Dump of table FIELDINTERVIEW
# ------------------------------------------------------------

DROP TABLE IF EXISTS `FIELDINTERVIEW`;

CREATE TABLE `FIELDINTERVIEW` (
  `ID` bigint(20) NOT NULL,
  `ARETHERENOTES_DOCUMENTS_PHONE_MESSAGES_OR_OTHER_EVIDENCE` longtext,
  `DATEANDTIME` datetime DEFAULT NULL,
  `EXACTLYWHATOCCURRED` longtext,
  `HOWDIDITHAPPEN` longtext,
  `OTHERSAYINGS` longtext,
  `WHENDIDITHAPPEN` longtext,
  `WHEREDIDITHAPPEN` longtext,
  `WHOELSEMAYKNOWRELEVANTINFORMATION` longtext,
  `WHOWASPRESENT` longtext,
  `WHYDIDITHAPPENANDCOULDITHAVEBEENAVOIDED` longtext,
  `INCASEOFEMERGENCYPERSON_ID` bigint(20) DEFAULT NULL,
  `INCIDENTREPORT_ID` bigint(20) DEFAULT NULL,
  `SUBSCRIBER_ID` bigint(20) DEFAULT NULL,
  PRIMARY KEY (`ID`),
  KEY `FK_FIELDINTERVIEW_SUBSCRIBER_ID` (`SUBSCRIBER_ID`),
  KEY `FK_FIELDINTERVIEW_INCASEOFEMERGENCYPERSON_ID` (`INCASEOFEMERGENCYPERSON_ID`),
  KEY `FK_FIELDINTERVIEW_INCIDENTREPORT_ID` (`INCIDENTREPORT_ID`),
  CONSTRAINT `FK_FIELDINTERVIEW_INCIDENTREPORT_ID` FOREIGN KEY (`INCIDENTREPORT_ID`) REFERENCES `CHANGEABLE` (`ID`),
  CONSTRAINT `FK_FIELDINTERVIEW_INCASEOFEMERGENCYPERSON_ID` FOREIGN KEY (`INCASEOFEMERGENCYPERSON_ID`) REFERENCES `CHANGEABLE` (`ID`),
  CONSTRAINT `FK_FIELDINTERVIEW_SUBSCRIBER_ID` FOREIGN KEY (`SUBSCRIBER_ID`) REFERENCES `CHANGEABLE` (`ID`)
) ENGINE=InnoDB DEFAULT CHARSET=latin1;

LOCK TABLES `FIELDINTERVIEW` WRITE;
/*!40000 ALTER TABLE `FIELDINTERVIEW` DISABLE KEYS */;

INSERT INTO `FIELDINTERVIEW` (`ID`, `ARETHERENOTES_DOCUMENTS_PHONE_MESSAGES_OR_OTHER_EVIDENCE`, `DATEANDTIME`, `EXACTLYWHATOCCURRED`, `HOWDIDITHAPPEN`, `OTHERSAYINGS`, `WHENDIDITHAPPEN`, `WHEREDIDITHAPPEN`, `WHOELSEMAYKNOWRELEVANTINFORMATION`, `WHOWASPRESENT`, `WHYDIDITHAPPENANDCOULDITHAVEBEENAVOIDED`, `INCASEOFEMERGENCYPERSON_ID`, `INCIDENTREPORT_ID`, `SUBSCRIBER_ID`)
VALUES
	(30,'','2014-11-03 13:00:16','','','','','','','','',4,27,1);

/*!40000 ALTER TABLE `FIELDINTERVIEW` ENABLE KEYS */;
UNLOCK TABLES;


# Dump of table HISTORY
# ------------------------------------------------------------

DROP TABLE IF EXISTS `HISTORY`;

CREATE TABLE `HISTORY` (
  `ID` bigint(20) NOT NULL,
  PRIMARY KEY (`ID`)
) ENGINE=InnoDB DEFAULT CHARSET=latin1;

LOCK TABLES `HISTORY` WRITE;
/*!40000 ALTER TABLE `HISTORY` DISABLE KEYS */;

INSERT INTO `HISTORY` (`ID`)
VALUES
	(10),
	(42);

/*!40000 ALTER TABLE `HISTORY` ENABLE KEYS */;
UNLOCK TABLES;


# Dump of table History_ACTIONS
# ------------------------------------------------------------

DROP TABLE IF EXISTS `History_ACTIONS`;

CREATE TABLE `History_ACTIONS` (
  `DATEANDTIME` varchar(255) DEFAULT NULL,
  `FIELD` varchar(255) DEFAULT NULL,
  `NEWDATA` varchar(255) DEFAULT NULL,
  `OLDDATA` varchar(255) DEFAULT NULL,
  `History_ID` bigint(20) DEFAULT NULL,
  KEY `FK_History_ACTIONS_History_ID` (`History_ID`),
  CONSTRAINT `FK_History_ACTIONS_History_ID` FOREIGN KEY (`History_ID`) REFERENCES `HISTORY` (`ID`)
) ENGINE=InnoDB DEFAULT CHARSET=latin1;

LOCK TABLES `History_ACTIONS` WRITE;
/*!40000 ALTER TABLE `History_ACTIONS` DISABLE KEYS */;

INSERT INTO `History_ACTIONS` (`DATEANDTIME`, `FIELD`, `NEWDATA`, `OLDDATA`, `History_ID`)
VALUES
	('2014-11-03 13:00:16','first name','dfg','Dfgd',10),
	('2014-11-03 13:00:16','ldkjfgl','dfg','Dfgd',10),
	('2014-11-03 13:00:16','first name','dfg','Dfgd',10),
	('2014-11-03 13:01:47','last name','Ryan','',42),
	('2014-11-03 13:01:47','birth place','Regina',NULL,42),
	('2014-11-03 13:01:47','modusOperandi','',NULL,42),
	('2014-11-03 13:01:47','NCIC fingerprint classification','',NULL,42),
	('2014-11-03 13:02:28','birth place','Saskatoon','Regina',42);

/*!40000 ALTER TABLE `History_ACTIONS` ENABLE KEYS */;
UNLOCK TABLES;


# Dump of table IDENTIFICATION
# ------------------------------------------------------------

DROP TABLE IF EXISTS `IDENTIFICATION`;

CREATE TABLE `IDENTIFICATION` (
  `ID` bigint(20) NOT NULL,
  `CONTENT` varchar(255) DEFAULT NULL,
  `NAME` varchar(255) DEFAULT NULL,
  `PERSON_ID` bigint(20) DEFAULT NULL,
  PRIMARY KEY (`ID`),
  KEY `FK_IDENTIFICATION_PERSON_ID` (`PERSON_ID`),
  CONSTRAINT `FK_IDENTIFICATION_PERSON_ID` FOREIGN KEY (`PERSON_ID`) REFERENCES `CHANGEABLE` (`ID`)
) ENGINE=InnoDB DEFAULT CHARSET=latin1;

LOCK TABLES `IDENTIFICATION` WRITE;
/*!40000 ALTER TABLE `IDENTIFICATION` DISABLE KEYS */;

INSERT INTO `IDENTIFICATION` (`ID`, `CONTENT`, `NAME`, `PERSON_ID`)
VALUES
	(5,'849839409','SGI',1),
	(6,'200294236','U of R',1);

/*!40000 ALTER TABLE `IDENTIFICATION` ENABLE KEYS */;
UNLOCK TABLES;


# Dump of table LOCATION
# ------------------------------------------------------------

DROP TABLE IF EXISTS `LOCATION`;

CREATE TABLE `LOCATION` (
  `ID` bigint(20) NOT NULL,
  `AREA` varchar(255) DEFAULT NULL,
  `COORDINATE` longblob,
  `ELEVATION` varchar(255) DEFAULT NULL,
  `OCCUPANCY` varchar(255) DEFAULT NULL,
  `PREMISETYPE` varchar(255) DEFAULT NULL,
  PRIMARY KEY (`ID`),
  CONSTRAINT `FK_LOCATION_ID` FOREIGN KEY (`ID`) REFERENCES `CHANGEABLE` (`ID`)
) ENGINE=InnoDB DEFAULT CHARSET=latin1;

LOCK TABLES `LOCATION` WRITE;
/*!40000 ALTER TABLE `LOCATION` DISABLE KEYS */;

INSERT INTO `LOCATION` (`ID`, `AREA`, `COORDINATE`, `ELEVATION`, `OCCUPANCY`, `PREMISETYPE`)
VALUES
	(11,'B',X'ACED000573720024656E7469746965732E656E74726965732E4C6F636174696F6E24436F6F7264696E617465AAA1F1B2174509390200034A0001784A0001794A00017A7870000000000000004100000000000003DB00000000000000EA','second floor','few','offices');

/*!40000 ALTER TABLE `LOCATION` ENABLE KEYS */;
UNLOCK TABLES;


# Dump of table LOCATION_ADDRESS
# ------------------------------------------------------------

DROP TABLE IF EXISTS `LOCATION_ADDRESS`;

CREATE TABLE `LOCATION_ADDRESS` (
  `addresses_ID` bigint(20) NOT NULL,
  `locations_ID` bigint(20) NOT NULL,
  PRIMARY KEY (`addresses_ID`,`locations_ID`),
  KEY `FK_LOCATION_ADDRESS_locations_ID` (`locations_ID`),
  CONSTRAINT `FK_LOCATION_ADDRESS_addresses_ID` FOREIGN KEY (`addresses_ID`) REFERENCES `CHANGEABLE` (`ID`),
  CONSTRAINT `FK_LOCATION_ADDRESS_locations_ID` FOREIGN KEY (`locations_ID`) REFERENCES `CHANGEABLE` (`ID`)
) ENGINE=InnoDB DEFAULT CHARSET=latin1;

LOCK TABLES `LOCATION_ADDRESS` WRITE;
/*!40000 ALTER TABLE `LOCATION_ADDRESS` DISABLE KEYS */;

INSERT INTO `LOCATION_ADDRESS` (`addresses_ID`, `locations_ID`)
VALUES
	(12,11),
	(13,11);

/*!40000 ALTER TABLE `LOCATION_ADDRESS` ENABLE KEYS */;
UNLOCK TABLES;


# Dump of table MASTERINDICES
# ------------------------------------------------------------

DROP TABLE IF EXISTS `MASTERINDICES`;

CREATE TABLE `MASTERINDICES` (
  `ID` bigint(20) NOT NULL,
  PRIMARY KEY (`ID`)
) ENGINE=InnoDB DEFAULT CHARSET=latin1;



# Dump of table ORGANIZATION
# ------------------------------------------------------------

DROP TABLE IF EXISTS `ORGANIZATION`;

CREATE TABLE `ORGANIZATION` (
  `ID` bigint(20) NOT NULL,
  `NAME` varchar(255) DEFAULT NULL,
  `ORGANIZATIONTYPE` varchar(255) DEFAULT NULL,
  PRIMARY KEY (`ID`),
  CONSTRAINT `FK_ORGANIZATION_ID` FOREIGN KEY (`ID`) REFERENCES `CHANGEABLE` (`ID`)
) ENGINE=InnoDB DEFAULT CHARSET=latin1;

LOCK TABLES `ORGANIZATION` WRITE;
/*!40000 ALTER TABLE `ORGANIZATION` DISABLE KEYS */;

INSERT INTO `ORGANIZATION` (`ID`, `NAME`, `ORGANIZATIONTYPE`)
VALUES
	(17,'alwan','business');

/*!40000 ALTER TABLE `ORGANIZATION` ENABLE KEYS */;
UNLOCK TABLES;


# Dump of table PERMISSION
# ------------------------------------------------------------

DROP TABLE IF EXISTS `PERMISSION`;

CREATE TABLE `PERMISSION` (
  `ID` bigint(20) NOT NULL,
  `READPERMISSION` varchar(255) DEFAULT NULL,
  `WRITEPERMISSION` varchar(255) DEFAULT NULL,
  `AUTHORIZABLE_ID` bigint(20) DEFAULT NULL,
  `OWNER_ID` bigint(20) DEFAULT NULL,
  `RELATABLE_ID` bigint(20) DEFAULT NULL,
  PRIMARY KEY (`ID`),
  KEY `FK_PERMISSION_AUTHORIZABLE_ID` (`AUTHORIZABLE_ID`),
  KEY `FK_PERMISSION_OWNER_ID` (`OWNER_ID`),
  KEY `FK_PERMISSION_RELATABLE_ID` (`RELATABLE_ID`),
  CONSTRAINT `FK_PERMISSION_ID` FOREIGN KEY (`ID`) REFERENCES `CHANGEABLE` (`ID`),
  CONSTRAINT `FK_PERMISSION_AUTHORIZABLE_ID` FOREIGN KEY (`AUTHORIZABLE_ID`) REFERENCES `CHANGEABLE` (`ID`),
  CONSTRAINT `FK_PERMISSION_OWNER_ID` FOREIGN KEY (`OWNER_ID`) REFERENCES `CHANGEABLE` (`ID`),
  CONSTRAINT `FK_PERMISSION_RELATABLE_ID` FOREIGN KEY (`RELATABLE_ID`) REFERENCES `CHANGEABLE` (`ID`)
) ENGINE=InnoDB DEFAULT CHARSET=latin1;

LOCK TABLES `PERMISSION` WRITE;
/*!40000 ALTER TABLE `PERMISSION` DISABLE KEYS */;

INSERT INTO `PERMISSION` (`ID`, `READPERMISSION`, `WRITEPERMISSION`, `AUTHORIZABLE_ID`, `OWNER_ID`, `RELATABLE_ID`)
VALUES
	(41,'T','F',40,19,32);

/*!40000 ALTER TABLE `PERMISSION` ENABLE KEYS */;
UNLOCK TABLES;


# Dump of table PERSON
# ------------------------------------------------------------

DROP TABLE IF EXISTS `PERSON`;

CREATE TABLE `PERSON` (
  `ID` bigint(20) NOT NULL,
  `NCIC_FINGERPRINTCLASSIFICATION` varchar(255) DEFAULT NULL,
  `BIRTHPLACE` varchar(255) DEFAULT NULL,
  `CITIZENSHIP` varchar(255) DEFAULT NULL,
  `DATEOFBIRTH` date DEFAULT NULL,
  `GENDER` varchar(255) DEFAULT NULL,
  `MODUSOPERANDI` varchar(255) DEFAULT NULL,
  `FIRSTNAME` varchar(255) DEFAULT NULL,
  `LASTNAME` varchar(255) DEFAULT NULL,
  `BUILDCHARACTERISTICS` varchar(255) DEFAULT NULL,
  `COMPLEXIONCHARACTERISTICS` varchar(255) DEFAULT NULL,
  `HAIRCHARACTERISTICS` varchar(255) DEFAULT NULL,
  `HEIGHTCHARACTERISTICS` varchar(255) DEFAULT NULL,
  `RACE` varchar(255) DEFAULT NULL,
  `THREATASSESSMENTLEVEL` varchar(255) DEFAULT NULL,
  PRIMARY KEY (`ID`),
  CONSTRAINT `FK_PERSON_ID` FOREIGN KEY (`ID`) REFERENCES `CHANGEABLE` (`ID`)
) ENGINE=InnoDB DEFAULT CHARSET=latin1;

LOCK TABLES `PERSON` WRITE;
/*!40000 ALTER TABLE `PERSON` DISABLE KEYS */;

INSERT INTO `PERSON` (`ID`, `NCIC_FINGERPRINTCLASSIFICATION`, `BIRTHPLACE`, `CITIZENSHIP`, `DATEOFBIRTH`, `GENDER`, `MODUSOPERANDI`, `FIRSTNAME`, `LASTNAME`, `BUILDCHARACTERISTICS`, `COMPLEXIONCHARACTERISTICS`, `HAIRCHARACTERISTICS`, `HEIGHTCHARACTERISTICS`, `RACE`, `THREATASSESSMENTLEVEL`)
VALUES
	(1,'AA','Al Hasa','Saudi','1984-07-23','Male',NULL,'Hamad','Almarri','Overweight','Light','Black','Short','Saudi Arabian','low'),
	(4,'PI','Al Khobar','Saudi','1991-07-19','Male',NULL,'Mohammad','Almarri','','','','','','low'),
	(24,'','Saskatoon','Libanies','2014-11-05','Female','','Yara','Ryan','','','','','','');

/*!40000 ALTER TABLE `PERSON` ENABLE KEYS */;
UNLOCK TABLES;


# Dump of table PERSON_ALIASNAMEORMONIKER
# ------------------------------------------------------------

DROP TABLE IF EXISTS `PERSON_ALIASNAMEORMONIKER`;

CREATE TABLE `PERSON_ALIASNAMEORMONIKER` (
  `Person_ID` bigint(20) NOT NULL,
  `aliasNamesOrMonikers_ID` bigint(20) NOT NULL,
  PRIMARY KEY (`Person_ID`,`aliasNamesOrMonikers_ID`),
  KEY `PERSON_ALIASNAMEORMONIKER_aliasNamesOrMonikers_ID` (`aliasNamesOrMonikers_ID`),
  CONSTRAINT `PERSON_ALIASNAMEORMONIKER_aliasNamesOrMonikers_ID` FOREIGN KEY (`aliasNamesOrMonikers_ID`) REFERENCES `ALIASNAMEORMONIKER` (`ID`),
  CONSTRAINT `FK_PERSON_ALIASNAMEORMONIKER_Person_ID` FOREIGN KEY (`Person_ID`) REFERENCES `CHANGEABLE` (`ID`)
) ENGINE=InnoDB DEFAULT CHARSET=latin1;

LOCK TABLES `PERSON_ALIASNAMEORMONIKER` WRITE;
/*!40000 ALTER TABLE `PERSON_ALIASNAMEORMONIKER` DISABLE KEYS */;

INSERT INTO `PERSON_ALIASNAMEORMONIKER` (`Person_ID`, `aliasNamesOrMonikers_ID`)
VALUES
	(1,2);

/*!40000 ALTER TABLE `PERSON_ALIASNAMEORMONIKER` ENABLE KEYS */;
UNLOCK TABLES;


# Dump of table PERSON_SCARMARKTATTOO
# ------------------------------------------------------------

DROP TABLE IF EXISTS `PERSON_SCARMARKTATTOO`;

CREATE TABLE `PERSON_SCARMARKTATTOO` (
  `Person_ID` bigint(20) NOT NULL,
  `scars_marks_tattoos_ID` bigint(20) NOT NULL,
  PRIMARY KEY (`Person_ID`,`scars_marks_tattoos_ID`),
  KEY `FK_PERSON_SCARMARKTATTOO_scars_marks_tattoos_ID` (`scars_marks_tattoos_ID`),
  CONSTRAINT `FK_PERSON_SCARMARKTATTOO_scars_marks_tattoos_ID` FOREIGN KEY (`scars_marks_tattoos_ID`) REFERENCES `SCARMARKTATTOO` (`ID`),
  CONSTRAINT `FK_PERSON_SCARMARKTATTOO_Person_ID` FOREIGN KEY (`Person_ID`) REFERENCES `CHANGEABLE` (`ID`)
) ENGINE=InnoDB DEFAULT CHARSET=latin1;

LOCK TABLES `PERSON_SCARMARKTATTOO` WRITE;
/*!40000 ALTER TABLE `PERSON_SCARMARKTATTOO` DISABLE KEYS */;

INSERT INTO `PERSON_SCARMARKTATTOO` (`Person_ID`, `scars_marks_tattoos_ID`)
VALUES
	(1,3);

/*!40000 ALTER TABLE `PERSON_SCARMARKTATTOO` ENABLE KEYS */;
UNLOCK TABLES;


# Dump of table PROPERTY
# ------------------------------------------------------------

DROP TABLE IF EXISTS `PROPERTY`;

CREATE TABLE `PROPERTY` (
  `ID` bigint(20) NOT NULL,
  `BRAND` varchar(255) DEFAULT NULL,
  `DISTINGUISHINGCHARACTERISTICS` varchar(255) DEFAULT NULL,
  `MAKE` varchar(255) DEFAULT NULL,
  `MODEL` varchar(255) DEFAULT NULL,
  `SERIALNUMBER` varchar(255) DEFAULT NULL,
  PRIMARY KEY (`ID`),
  CONSTRAINT `FK_PROPERTY_ID` FOREIGN KEY (`ID`) REFERENCES `CHANGEABLE` (`ID`)
) ENGINE=InnoDB DEFAULT CHARSET=latin1;

LOCK TABLES `PROPERTY` WRITE;
/*!40000 ALTER TABLE `PROPERTY` DISABLE KEYS */;

INSERT INTO `PROPERTY` (`ID`, `BRAND`, `DISTINGUISHINGCHARACTERISTICS`, `MAKE`, `MODEL`, `SERIALNUMBER`)
VALUES
	(18,'Sony','fkldgldkfjgld','Sony','D300s','3kljfdg8');

/*!40000 ALTER TABLE `PROPERTY` ENABLE KEYS */;
UNLOCK TABLES;


# Dump of table RELATABLE
# ------------------------------------------------------------

DROP TABLE IF EXISTS `RELATABLE`;

CREATE TABLE `RELATABLE` (
  `ID` bigint(20) NOT NULL,
  `DESCRIPTION` longtext,
  `TYPE` varchar(255) DEFAULT NULL,
  `DATEANDTIME` datetime DEFAULT NULL,
  `SEVERITY` varchar(255) DEFAULT NULL,
  `SUMMARY` longtext,
  `VIOLATION` varchar(255) DEFAULT NULL,
  `DOCUMENT` longtext,
  `CASESTATUS` varchar(255) DEFAULT NULL,
  `OFFENSEINFORMATION` longtext,
  `ASSIGNEDCASE_ID` bigint(20) DEFAULT NULL,
  `DUEDATE` date DEFAULT NULL,
  `STARTDATE` date DEFAULT NULL,
  `STATUS` varchar(255) DEFAULT NULL,
  `OFFICERWHOCREATEDIT_ID` bigint(20) DEFAULT NULL,
  PRIMARY KEY (`ID`),
  KEY `FK_RELATABLE_ASSIGNEDCASE_ID` (`ASSIGNEDCASE_ID`),
  KEY `FK_RELATABLE_OFFICERWHOCREATEDIT_ID` (`OFFICERWHOCREATEDIT_ID`),
  CONSTRAINT `FK_RELATABLE_OFFICERWHOCREATEDIT_ID` FOREIGN KEY (`OFFICERWHOCREATEDIT_ID`) REFERENCES `CHANGEABLE` (`ID`),
  CONSTRAINT `FK_RELATABLE_ASSIGNEDCASE_ID` FOREIGN KEY (`ASSIGNEDCASE_ID`) REFERENCES `CHANGEABLE` (`ID`),
  CONSTRAINT `FK_RELATABLE_ID` FOREIGN KEY (`ID`) REFERENCES `CHANGEABLE` (`ID`)
) ENGINE=InnoDB DEFAULT CHARSET=latin1;

LOCK TABLES `RELATABLE` WRITE;
/*!40000 ALTER TABLE `RELATABLE` DISABLE KEYS */;

INSERT INTO `RELATABLE` (`ID`, `DESCRIPTION`, `TYPE`, `DATEANDTIME`, `SEVERITY`, `SUMMARY`, `VIOLATION`, `DOCUMENT`, `CASESTATUS`, `OFFENSEINFORMATION`, `ASSIGNEDCASE_ID`, `DUEDATE`, `STARTDATE`, `STATUS`, `OFFICERWHOCREATEDIT_ID`)
VALUES
	(1,'','Person',NULL,NULL,NULL,NULL,NULL,NULL,NULL,NULL,NULL,NULL,NULL,NULL),
	(4,'','Person',NULL,NULL,NULL,NULL,NULL,NULL,NULL,NULL,NULL,NULL,NULL,NULL),
	(11,'','Location',NULL,NULL,NULL,NULL,NULL,NULL,NULL,NULL,NULL,NULL,NULL,NULL),
	(12,'','Address',NULL,NULL,NULL,NULL,NULL,NULL,NULL,NULL,NULL,NULL,NULL,NULL),
	(13,'','Address',NULL,NULL,NULL,NULL,NULL,NULL,NULL,NULL,NULL,NULL,NULL,NULL),
	(14,'','Conveyance',NULL,NULL,NULL,NULL,NULL,NULL,NULL,NULL,NULL,NULL,NULL,NULL),
	(15,'','Conveyance',NULL,NULL,NULL,NULL,NULL,NULL,NULL,NULL,NULL,NULL,NULL,NULL),
	(17,'','Organization',NULL,NULL,NULL,NULL,NULL,NULL,NULL,NULL,NULL,NULL,NULL,NULL),
	(18,'','Property',NULL,NULL,NULL,NULL,NULL,NULL,NULL,NULL,NULL,NULL,NULL,NULL),
	(20,'hitting a cat','IncidentReport','2014-11-03 13:00:16',NULL,'',NULL,NULL,'open','hitting car',NULL,NULL,NULL,NULL,NULL),
	(24,'','Person',NULL,NULL,NULL,NULL,NULL,NULL,NULL,NULL,NULL,NULL,NULL,NULL),
	(27,'','IncidentReport','2014-11-03 13:00:16',NULL,'nothing yet',NULL,NULL,'open','flirting',32,NULL,NULL,NULL,NULL),
	(28,'','SuspectPerson',NULL,NULL,NULL,NULL,NULL,NULL,NULL,NULL,NULL,NULL,NULL,NULL),
	(29,'','SuspectPerson',NULL,NULL,NULL,NULL,NULL,NULL,NULL,NULL,NULL,NULL,NULL,NULL),
	(32,'','InvestigativeCase',NULL,NULL,NULL,NULL,NULL,NULL,NULL,NULL,'2013-12-30','2014-11-03','Open',19),
	(33,'','InvestigativeCase',NULL,NULL,NULL,NULL,NULL,NULL,NULL,NULL,'2014-11-03','2014-11-03','Open',21),
	(35,'','ArrestReport','2014-11-03 13:00:16',NULL,NULL,NULL,'bla bla bla',NULL,NULL,NULL,NULL,NULL,NULL,NULL),
	(36,'','InvestigativeCase',NULL,NULL,NULL,NULL,NULL,NULL,NULL,NULL,'2014-11-03','2014-11-03','Open',19);

/*!40000 ALTER TABLE `RELATABLE` ENABLE KEYS */;
UNLOCK TABLES;


# Dump of table RELATABLE_AUTHORIZABLE
# ------------------------------------------------------------

DROP TABLE IF EXISTS `RELATABLE_AUTHORIZABLE`;

CREATE TABLE `RELATABLE_AUTHORIZABLE` (
  `investigativeCases_ID` bigint(20) NOT NULL,
  `investigators_ID` bigint(20) NOT NULL,
  PRIMARY KEY (`investigativeCases_ID`,`investigators_ID`),
  KEY `FK_RELATABLE_AUTHORIZABLE_investigators_ID` (`investigators_ID`),
  CONSTRAINT `FK_RELATABLE_AUTHORIZABLE_investigativeCases_ID` FOREIGN KEY (`investigativeCases_ID`) REFERENCES `CHANGEABLE` (`ID`),
  CONSTRAINT `FK_RELATABLE_AUTHORIZABLE_investigators_ID` FOREIGN KEY (`investigators_ID`) REFERENCES `CHANGEABLE` (`ID`)
) ENGINE=InnoDB DEFAULT CHARSET=latin1;

LOCK TABLES `RELATABLE_AUTHORIZABLE` WRITE;
/*!40000 ALTER TABLE `RELATABLE_AUTHORIZABLE` DISABLE KEYS */;

INSERT INTO `RELATABLE_AUTHORIZABLE` (`investigativeCases_ID`, `investigators_ID`)
VALUES
	(32,31),
	(36,31);

/*!40000 ALTER TABLE `RELATABLE_AUTHORIZABLE` ENABLE KEYS */;
UNLOCK TABLES;


# Dump of table RELATABLE_FIELDINTERVIEW
# ------------------------------------------------------------

DROP TABLE IF EXISTS `RELATABLE_FIELDINTERVIEW`;

CREATE TABLE `RELATABLE_FIELDINTERVIEW` (
  `IncidentReport_ID` bigint(20) NOT NULL,
  `fieldInterviews_ID` bigint(20) NOT NULL,
  PRIMARY KEY (`IncidentReport_ID`,`fieldInterviews_ID`),
  KEY `FK_RELATABLE_FIELDINTERVIEW_fieldInterviews_ID` (`fieldInterviews_ID`),
  CONSTRAINT `FK_RELATABLE_FIELDINTERVIEW_IncidentReport_ID` FOREIGN KEY (`IncidentReport_ID`) REFERENCES `CHANGEABLE` (`ID`),
  CONSTRAINT `FK_RELATABLE_FIELDINTERVIEW_fieldInterviews_ID` FOREIGN KEY (`fieldInterviews_ID`) REFERENCES `FIELDINTERVIEW` (`ID`)
) ENGINE=InnoDB DEFAULT CHARSET=latin1;

LOCK TABLES `RELATABLE_FIELDINTERVIEW` WRITE;
/*!40000 ALTER TABLE `RELATABLE_FIELDINTERVIEW` DISABLE KEYS */;

INSERT INTO `RELATABLE_FIELDINTERVIEW` (`IncidentReport_ID`, `fieldInterviews_ID`)
VALUES
	(27,30);

/*!40000 ALTER TABLE `RELATABLE_FIELDINTERVIEW` ENABLE KEYS */;
UNLOCK TABLES;


# Dump of table RELATABLE_RELATABLE
# ------------------------------------------------------------

DROP TABLE IF EXISTS `RELATABLE_RELATABLE`;

CREATE TABLE `RELATABLE_RELATABLE` (
  `arrestReports_ID` bigint(20) NOT NULL,
  `incidentReportsAccordingTo_ID` bigint(20) NOT NULL,
  PRIMARY KEY (`arrestReports_ID`,`incidentReportsAccordingTo_ID`),
  KEY `RELATABLE_RELATABLE_incidentReportsAccordingTo_ID` (`incidentReportsAccordingTo_ID`),
  CONSTRAINT `FK_RELATABLE_RELATABLE_arrestReports_ID` FOREIGN KEY (`arrestReports_ID`) REFERENCES `CHANGEABLE` (`ID`),
  CONSTRAINT `RELATABLE_RELATABLE_incidentReportsAccordingTo_ID` FOREIGN KEY (`incidentReportsAccordingTo_ID`) REFERENCES `CHANGEABLE` (`ID`)
) ENGINE=InnoDB DEFAULT CHARSET=latin1;

LOCK TABLES `RELATABLE_RELATABLE` WRITE;
/*!40000 ALTER TABLE `RELATABLE_RELATABLE` DISABLE KEYS */;

INSERT INTO `RELATABLE_RELATABLE` (`arrestReports_ID`, `incidentReportsAccordingTo_ID`)
VALUES
	(35,27);

/*!40000 ALTER TABLE `RELATABLE_RELATABLE` ENABLE KEYS */;
UNLOCK TABLES;


# Dump of table RELATABLE_SUSPECTPERSON
# ------------------------------------------------------------

DROP TABLE IF EXISTS `RELATABLE_SUSPECTPERSON`;

CREATE TABLE `RELATABLE_SUSPECTPERSON` (
  `incidentReports_ID` bigint(20) NOT NULL,
  `suspectPersons_ID` bigint(20) NOT NULL,
  PRIMARY KEY (`incidentReports_ID`,`suspectPersons_ID`),
  KEY `FK_RELATABLE_SUSPECTPERSON_suspectPersons_ID` (`suspectPersons_ID`),
  CONSTRAINT `FK_RELATABLE_SUSPECTPERSON_suspectPersons_ID` FOREIGN KEY (`suspectPersons_ID`) REFERENCES `CHANGEABLE` (`ID`),
  CONSTRAINT `FK_RELATABLE_SUSPECTPERSON_incidentReports_ID` FOREIGN KEY (`incidentReports_ID`) REFERENCES `CHANGEABLE` (`ID`)
) ENGINE=InnoDB DEFAULT CHARSET=latin1;

LOCK TABLES `RELATABLE_SUSPECTPERSON` WRITE;
/*!40000 ALTER TABLE `RELATABLE_SUSPECTPERSON` DISABLE KEYS */;

INSERT INTO `RELATABLE_SUSPECTPERSON` (`incidentReports_ID`, `suspectPersons_ID`)
VALUES
	(27,28),
	(27,29);

/*!40000 ALTER TABLE `RELATABLE_SUSPECTPERSON` ENABLE KEYS */;
UNLOCK TABLES;


# Dump of table RELATION
# ------------------------------------------------------------

DROP TABLE IF EXISTS `RELATION`;

CREATE TABLE `RELATION` (
  `ID` bigint(20) NOT NULL,
  `TYPEOFRELATION` longtext,
  `SOMETHING_ID` bigint(20) DEFAULT NULL,
  `SOMETHINGELSE_ID` bigint(20) DEFAULT NULL,
  PRIMARY KEY (`ID`),
  KEY `FK_RELATION_SOMETHINGELSE_ID` (`SOMETHINGELSE_ID`),
  KEY `FK_RELATION_SOMETHING_ID` (`SOMETHING_ID`),
  CONSTRAINT `FK_RELATION_SOMETHING_ID` FOREIGN KEY (`SOMETHING_ID`) REFERENCES `CHANGEABLE` (`ID`),
  CONSTRAINT `FK_RELATION_ID` FOREIGN KEY (`ID`) REFERENCES `CHANGEABLE` (`ID`),
  CONSTRAINT `FK_RELATION_SOMETHINGELSE_ID` FOREIGN KEY (`SOMETHINGELSE_ID`) REFERENCES `CHANGEABLE` (`ID`)
) ENGINE=InnoDB DEFAULT CHARSET=latin1;

LOCK TABLES `RELATION` WRITE;
/*!40000 ALTER TABLE `RELATION` DISABLE KEYS */;

INSERT INTO `RELATION` (`ID`, `TYPEOFRELATION`, `SOMETHING_ID`, `SOMETHINGELSE_ID`)
VALUES
	(9,'brothers',1,4),
	(16,'drove',4,15),
	(22,'the car hit the cat',14,20),
	(23,'the person who reported',1,20),
	(25,'happened in',11,27),
	(26,'reported',24,27);

/*!40000 ALTER TABLE `RELATION` ENABLE KEYS */;
UNLOCK TABLES;


# Dump of table SCARMARKTATTOO
# ------------------------------------------------------------

DROP TABLE IF EXISTS `SCARMARKTATTOO`;

CREATE TABLE `SCARMARKTATTOO` (
  `ID` bigint(20) NOT NULL,
  `CONTENT` varchar(255) DEFAULT NULL,
  `PERSON_ID` bigint(20) DEFAULT NULL,
  PRIMARY KEY (`ID`),
  KEY `FK_SCARMARKTATTOO_PERSON_ID` (`PERSON_ID`),
  CONSTRAINT `FK_SCARMARKTATTOO_PERSON_ID` FOREIGN KEY (`PERSON_ID`) REFERENCES `CHANGEABLE` (`ID`)
) ENGINE=InnoDB DEFAULT CHARSET=latin1;

LOCK TABLES `SCARMARKTATTOO` WRITE;
/*!40000 ALTER TABLE `SCARMARKTATTOO` DISABLE KEYS */;

INSERT INTO `SCARMARKTATTOO` (`ID`, `CONTENT`, `PERSON_ID`)
VALUES
	(3,'abu antar mark',1);

/*!40000 ALTER TABLE `SCARMARKTATTOO` ENABLE KEYS */;
UNLOCK TABLES;


# Dump of table SEQUENCE
# ------------------------------------------------------------

DROP TABLE IF EXISTS `SEQUENCE`;

CREATE TABLE `SEQUENCE` (
  `SEQ_NAME` varchar(50) NOT NULL,
  `SEQ_COUNT` decimal(38,0) DEFAULT NULL,
  PRIMARY KEY (`SEQ_NAME`)
) ENGINE=InnoDB DEFAULT CHARSET=latin1;

LOCK TABLES `SEQUENCE` WRITE;
/*!40000 ALTER TABLE `SEQUENCE` DISABLE KEYS */;

INSERT INTO `SEQUENCE` (`SEQ_NAME`, `SEQ_COUNT`)
VALUES
	('SEQ_GEN',50);

/*!40000 ALTER TABLE `SEQUENCE` ENABLE KEYS */;
UNLOCK TABLES;


# Dump of table SUSPECTPERSON
# ------------------------------------------------------------

DROP TABLE IF EXISTS `SUSPECTPERSON`;

CREATE TABLE `SUSPECTPERSON` (
  `ID` bigint(20) NOT NULL,
  `FIRSTNAME` varchar(255) DEFAULT NULL,
  `LASTNAME` varchar(255) DEFAULT NULL,
  `BUILDCHARACTERISTICS` varchar(255) DEFAULT NULL,
  `COMPLEXIONCHARACTERISTICS` varchar(255) DEFAULT NULL,
  `HAIRCHARACTERISTICS` varchar(255) DEFAULT NULL,
  `HEIGHTCHARACTERISTICS` varchar(255) DEFAULT NULL,
  `THREATASSESSMENTLEVEL` varchar(255) DEFAULT NULL,
  PRIMARY KEY (`ID`),
  CONSTRAINT `FK_SUSPECTPERSON_ID` FOREIGN KEY (`ID`) REFERENCES `CHANGEABLE` (`ID`)
) ENGINE=InnoDB DEFAULT CHARSET=latin1;

LOCK TABLES `SUSPECTPERSON` WRITE;
/*!40000 ALTER TABLE `SUSPECTPERSON` DISABLE KEYS */;

INSERT INTO `SUSPECTPERSON` (`ID`, `FIRSTNAME`, `LASTNAME`, `BUILDCHARACTERISTICS`, `COMPLEXIONCHARACTERISTICS`, `HAIRCHARACTERISTICS`, `HEIGHTCHARACTERISTICS`, `THREATASSESSMENTLEVEL`)
VALUES
	(28,NULL,NULL,'Overweight','Olive','Red','Short','high'),
	(29,NULL,NULL,'Stocky','Dark','Fair','Average height','medium');

/*!40000 ALTER TABLE `SUSPECTPERSON` ENABLE KEYS */;
UNLOCK TABLES;


# Dump of table TASK
# ------------------------------------------------------------

DROP TABLE IF EXISTS `TASK`;

CREATE TABLE `TASK` (
  `ID` bigint(20) NOT NULL,
  `INVESTIGATIVECASE_ID` bigint(20) DEFAULT NULL,
  PRIMARY KEY (`ID`),
  KEY `FK_TASK_INVESTIGATIVECASE_ID` (`INVESTIGATIVECASE_ID`),
  CONSTRAINT `FK_TASK_INVESTIGATIVECASE_ID` FOREIGN KEY (`INVESTIGATIVECASE_ID`) REFERENCES `CHANGEABLE` (`ID`)
) ENGINE=InnoDB DEFAULT CHARSET=latin1;




/*!40111 SET SQL_NOTES=@OLD_SQL_NOTES */;
/*!40101 SET SQL_MODE=@OLD_SQL_MODE */;
/*!40014 SET FOREIGN_KEY_CHECKS=@OLD_FOREIGN_KEY_CHECKS */;
/*!40101 SET CHARACTER_SET_CLIENT=@OLD_CHARACTER_SET_CLIENT */;
/*!40101 SET CHARACTER_SET_RESULTS=@OLD_CHARACTER_SET_RESULTS */;
/*!40101 SET COLLATION_CONNECTION=@OLD_COLLATION_CONNECTION */;
